<annotation>
	<folder>images</folder>
	<filename>without_mask (147).JPG</filename>
	<path>C:\Users\user\OneDrive\Desktop\face_mask_images\images\without_mask (147).JPG</path>
	<source>
		<database>Unknown</database>
	</source>
	<size>
		<width>228</width>
		<height>257</height>
		<depth>3</depth>
	</size>
	<segmented>0</segmented>
	<object>
		<name>without_mask</name>
		<pose>Unspecified</pose>
		<truncated>0</truncated>
		<difficult>0</difficult>
		<bndbox>
			<xmin>40</xmin>
			<ymin>135</ymin>
			<xmax>185</xmax>
			<ymax>228</ymax>
		</bndbox>
	</object>
</annotation>
