<annotation>
	<folder>images</folder>
	<filename>without_mask (173).JPG</filename>
	<path>C:\Users\user\OneDrive\Desktop\face_mask_images\images\without_mask (173).JPG</path>
	<source>
		<database>Unknown</database>
	</source>
	<size>
		<width>172</width>
		<height>191</height>
		<depth>3</depth>
	</size>
	<segmented>0</segmented>
	<object>
		<name>without_mask</name>
		<pose>Unspecified</pose>
		<truncated>0</truncated>
		<difficult>0</difficult>
		<bndbox>
			<xmin>65</xmin>
			<ymin>101</ymin>
			<xmax>135</xmax>
			<ymax>173</ymax>
		</bndbox>
	</object>
	<object>
		<name>without_mask</name>
		<pose>Unspecified</pose>
		<truncated>1</truncated>
		<difficult>0</difficult>
		<bndbox>
			<xmin>1</xmin>
			<ymin>111</ymin>
			<xmax>28</xmax>
			<ymax>165</ymax>
		</bndbox>
	</object>
	<object>
		<name>without_mask</name>
		<pose>Unspecified</pose>
		<truncated>0</truncated>
		<difficult>0</difficult>
		<bndbox>
			<xmin>31</xmin>
			<ymin>128</ymin>
			<xmax>53</xmax>
			<ymax>177</ymax>
		</bndbox>
	</object>
</annotation>
