<annotation>
	<folder>images</folder>
	<filename>with_mask (256).jpg</filename>
	<path>C:\Users\user\OneDrive\Desktop\face_mask_images\images\with_mask (256).jpg</path>
	<source>
		<database>Unknown</database>
	</source>
	<size>
		<width>468</width>
		<height>453</height>
		<depth>3</depth>
	</size>
	<segmented>0</segmented>
	<object>
		<name>with_mask</name>
		<pose>Unspecified</pose>
		<truncated>0</truncated>
		<difficult>0</difficult>
		<bndbox>
			<xmin>131</xmin>
			<ymin>224</ymin>
			<xmax>328</xmax>
			<ymax>372</ymax>
		</bndbox>
	</object>
</annotation>
