<annotation>
	<folder>images</folder>
	<filename>without_mask (15).JPG</filename>
	<path>C:\Users\user\OneDrive\Desktop\face_mask_images\images\without_mask (15).JPG</path>
	<source>
		<database>Unknown</database>
	</source>
	<size>
		<width>353</width>
		<height>344</height>
		<depth>3</depth>
	</size>
	<segmented>0</segmented>
	<object>
		<name>without_mask</name>
		<pose>Unspecified</pose>
		<truncated>0</truncated>
		<difficult>0</difficult>
		<bndbox>
			<xmin>108</xmin>
			<ymin>211</ymin>
			<xmax>250</xmax>
			<ymax>313</ymax>
		</bndbox>
	</object>
</annotation>
