<annotation>
	<folder>images</folder>
	<filename>with_mask (112).JPG</filename>
	<path>C:\Users\user\OneDrive\Desktop\face_mask_images\images\with_mask (112).JPG</path>
	<source>
		<database>Unknown</database>
	</source>
	<size>
		<width>157</width>
		<height>119</height>
		<depth>3</depth>
	</size>
	<segmented>0</segmented>
	<object>
		<name>with_mask</name>
		<pose>Unspecified</pose>
		<truncated>0</truncated>
		<difficult>0</difficult>
		<bndbox>
			<xmin>38</xmin>
			<ymin>42</ymin>
			<xmax>57</xmax>
			<ymax>57</ymax>
		</bndbox>
	</object>
	<object>
		<name>with_mask</name>
		<pose>Unspecified</pose>
		<truncated>0</truncated>
		<difficult>0</difficult>
		<bndbox>
			<xmin>80</xmin>
			<ymin>79</ymin>
			<xmax>105</xmax>
			<ymax>100</ymax>
		</bndbox>
	</object>
</annotation>
