<annotation>
	<folder>images</folder>
	<filename>with_mask (212).JPG</filename>
	<path>C:\Users\user\OneDrive\Desktop\face_mask_images\images\with_mask (212).JPG</path>
	<source>
		<database>Unknown</database>
	</source>
	<size>
		<width>218</width>
		<height>137</height>
		<depth>3</depth>
	</size>
	<segmented>0</segmented>
	<object>
		<name>with_mask</name>
		<pose>Unspecified</pose>
		<truncated>0</truncated>
		<difficult>0</difficult>
		<bndbox>
			<xmin>26</xmin>
			<ymin>85</ymin>
			<xmax>88</xmax>
			<ymax>123</ymax>
		</bndbox>
	</object>
	<object>
		<name>with_mask</name>
		<pose>Unspecified</pose>
		<truncated>0</truncated>
		<difficult>0</difficult>
		<bndbox>
			<xmin>140</xmin>
			<ymin>40</ymin>
			<xmax>197</xmax>
			<ymax>82</ymax>
		</bndbox>
	</object>
</annotation>
