<annotation>
	<folder>images</folder>
	<filename>with_mask (139).JPG</filename>
	<path>C:\Users\user\OneDrive\Desktop\face_mask_images\images\with_mask (139).JPG</path>
	<source>
		<database>Unknown</database>
	</source>
	<size>
		<width>234</width>
		<height>203</height>
		<depth>3</depth>
	</size>
	<segmented>0</segmented>
	<object>
		<name>with_mask</name>
		<pose>Unspecified</pose>
		<truncated>0</truncated>
		<difficult>0</difficult>
		<bndbox>
			<xmin>77</xmin>
			<ymin>82</ymin>
			<xmax>151</xmax>
			<ymax>142</ymax>
		</bndbox>
	</object>
</annotation>
