<annotation>
	<folder>images</folder>
	<filename>with_mask (114).JPG</filename>
	<path>C:\Users\user\OneDrive\Desktop\face_mask_images\images\with_mask (114).JPG</path>
	<source>
		<database>Unknown</database>
	</source>
	<size>
		<width>161</width>
		<height>76</height>
		<depth>3</depth>
	</size>
	<segmented>0</segmented>
	<object>
		<name>with_mask</name>
		<pose>Unspecified</pose>
		<truncated>0</truncated>
		<difficult>0</difficult>
		<bndbox>
			<xmin>33</xmin>
			<ymin>30</ymin>
			<xmax>51</xmax>
			<ymax>46</ymax>
		</bndbox>
	</object>
	<object>
		<name>with_mask</name>
		<pose>Unspecified</pose>
		<truncated>0</truncated>
		<difficult>0</difficult>
		<bndbox>
			<xmin>94</xmin>
			<ymin>35</ymin>
			<xmax>126</xmax>
			<ymax>56</ymax>
		</bndbox>
	</object>
</annotation>
