<annotation>
	<folder>images</folder>
	<filename>without_mask (32).JPG</filename>
	<path>C:\Users\user\OneDrive\Desktop\face_mask_images\images\without_mask (32).JPG</path>
	<source>
		<database>Unknown</database>
	</source>
	<size>
		<width>226</width>
		<height>217</height>
		<depth>3</depth>
	</size>
	<segmented>0</segmented>
	<object>
		<name>without_mask</name>
		<pose>Unspecified</pose>
		<truncated>0</truncated>
		<difficult>0</difficult>
		<bndbox>
			<xmin>72</xmin>
			<ymin>119</ymin>
			<xmax>167</xmax>
			<ymax>186</ymax>
		</bndbox>
	</object>
</annotation>
