<annotation>
	<folder>images</folder>
	<filename>with_mask (216).JPG</filename>
	<path>C:\Users\user\OneDrive\Desktop\face_mask_images\images\with_mask (216).JPG</path>
	<source>
		<database>Unknown</database>
	</source>
	<size>
		<width>212</width>
		<height>129</height>
		<depth>3</depth>
	</size>
	<segmented>0</segmented>
	<object>
		<name>with_mask</name>
		<pose>Unspecified</pose>
		<truncated>0</truncated>
		<difficult>0</difficult>
		<bndbox>
			<xmin>14</xmin>
			<ymin>38</ymin>
			<xmax>56</xmax>
			<ymax>69</ymax>
		</bndbox>
	</object>
	<object>
		<name>with_mask</name>
		<pose>Unspecified</pose>
		<truncated>0</truncated>
		<difficult>0</difficult>
		<bndbox>
			<xmin>142</xmin>
			<ymin>79</ymin>
			<xmax>177</xmax>
			<ymax>113</ymax>
		</bndbox>
	</object>
</annotation>
