<annotation>
	<folder>images</folder>
	<filename>with_mask (260).jpg</filename>
	<path>C:\Users\user\OneDrive\Desktop\face_mask_images\images\with_mask (260).jpg</path>
	<source>
		<database>Unknown</database>
	</source>
	<size>
		<width>480</width>
		<height>671</height>
		<depth>3</depth>
	</size>
	<segmented>0</segmented>
	<object>
		<name>with_mask</name>
		<pose>Unspecified</pose>
		<truncated>0</truncated>
		<difficult>0</difficult>
		<bndbox>
			<xmin>37</xmin>
			<ymin>381</ymin>
			<xmax>356</xmax>
			<ymax>664</ymax>
		</bndbox>
	</object>
</annotation>
