<annotation>
	<folder>images</folder>
	<filename>with_mask (48).JPG</filename>
	<path>C:\Users\user\OneDrive\Desktop\face_mask_images\images\with_mask (48).JPG</path>
	<source>
		<database>Unknown</database>
	</source>
	<size>
		<width>228</width>
		<height>225</height>
		<depth>3</depth>
	</size>
	<segmented>0</segmented>
	<object>
		<name>with_mask</name>
		<pose>Unspecified</pose>
		<truncated>0</truncated>
		<difficult>0</difficult>
		<bndbox>
			<xmin>76</xmin>
			<ymin>95</ymin>
			<xmax>186</xmax>
			<ymax>189</ymax>
		</bndbox>
	</object>
</annotation>
