<annotation>
	<folder>images</folder>
	<filename>with_mask (156).JPG</filename>
	<path>C:\Users\user\OneDrive\Desktop\face_mask_images\images\with_mask (156).JPG</path>
	<source>
		<database>Unknown</database>
	</source>
	<size>
		<width>196</width>
		<height>187</height>
		<depth>3</depth>
	</size>
	<segmented>0</segmented>
	<object>
		<name>with_mask</name>
		<pose>Unspecified</pose>
		<truncated>0</truncated>
		<difficult>0</difficult>
		<bndbox>
			<xmin>67</xmin>
			<ymin>95</ymin>
			<xmax>147</xmax>
			<ymax>151</ymax>
		</bndbox>
	</object>
</annotation>
