<annotation>
	<folder>images</folder>
	<filename>with_mask (104).JPG</filename>
	<path>C:\Users\user\OneDrive\Desktop\face_mask_images\images\with_mask (104).JPG</path>
	<source>
		<database>Unknown</database>
	</source>
	<size>
		<width>253</width>
		<height>86</height>
		<depth>3</depth>
	</size>
	<segmented>0</segmented>
	<object>
		<name>with_mask</name>
		<pose>Unspecified</pose>
		<truncated>0</truncated>
		<difficult>0</difficult>
		<bndbox>
			<xmin>48</xmin>
			<ymin>44</ymin>
			<xmax>76</xmax>
			<ymax>71</ymax>
		</bndbox>
	</object>
	<object>
		<name>with_mask</name>
		<pose>Unspecified</pose>
		<truncated>0</truncated>
		<difficult>0</difficult>
		<bndbox>
			<xmin>178</xmin>
			<ymin>36</ymin>
			<xmax>203</xmax>
			<ymax>56</ymax>
		</bndbox>
	</object>
</annotation>
