<annotation>
	<folder>images</folder>
	<filename>without_mask (85).JPG</filename>
	<path>C:\Users\user\OneDrive\Desktop\face_mask_images\images\without_mask (85).JPG</path>
	<source>
		<database>Unknown</database>
	</source>
	<size>
		<width>163</width>
		<height>210</height>
		<depth>3</depth>
	</size>
	<segmented>0</segmented>
	<object>
		<name>without_mask</name>
		<pose>Unspecified</pose>
		<truncated>0</truncated>
		<difficult>0</difficult>
		<bndbox>
			<xmin>28</xmin>
			<ymin>118</ymin>
			<xmax>112</xmax>
			<ymax>194</ymax>
		</bndbox>
	</object>
	<object>
		<name>without_mask</name>
		<pose>Unspecified</pose>
		<truncated>1</truncated>
		<difficult>0</difficult>
		<bndbox>
			<xmin>1</xmin>
			<ymin>183</ymin>
			<xmax>27</xmax>
			<ymax>210</ymax>
		</bndbox>
	</object>
</annotation>
