<annotation>
	<folder>images</folder>
	<filename>without_mask (136).JPG</filename>
	<path>C:\Users\user\OneDrive\Desktop\face_mask_images\images\without_mask (136).JPG</path>
	<source>
		<database>Unknown</database>
	</source>
	<size>
		<width>120</width>
		<height>154</height>
		<depth>3</depth>
	</size>
	<segmented>0</segmented>
	<object>
		<name>without_mask</name>
		<pose>Unspecified</pose>
		<truncated>0</truncated>
		<difficult>0</difficult>
		<bndbox>
			<xmin>30</xmin>
			<ymin>85</ymin>
			<xmax>97</xmax>
			<ymax>128</ymax>
		</bndbox>
	</object>
</annotation>
