<annotation>
	<folder>images</folder>
	<filename>with_mask (191).JPG</filename>
	<path>C:\Users\user\OneDrive\Desktop\face_mask_images\images\with_mask (191).JPG</path>
	<source>
		<database>Unknown</database>
	</source>
	<size>
		<width>277</width>
		<height>294</height>
		<depth>3</depth>
	</size>
	<segmented>0</segmented>
	<object>
		<name>with_mask</name>
		<pose>Unspecified</pose>
		<truncated>0</truncated>
		<difficult>0</difficult>
		<bndbox>
			<xmin>36</xmin>
			<ymin>164</ymin>
			<xmax>230</xmax>
			<ymax>283</ymax>
		</bndbox>
	</object>
</annotation>
