<annotation>
	<folder>images</folder>
	<filename>without_mask (65).JPG</filename>
	<path>C:\Users\user\OneDrive\Desktop\face_mask_images\images\without_mask (65).JPG</path>
	<source>
		<database>Unknown</database>
	</source>
	<size>
		<width>84</width>
		<height>124</height>
		<depth>3</depth>
	</size>
	<segmented>0</segmented>
	<object>
		<name>without_mask</name>
		<pose>Unspecified</pose>
		<truncated>0</truncated>
		<difficult>0</difficult>
		<bndbox>
			<xmin>20</xmin>
			<ymin>63</ymin>
			<xmax>57</xmax>
			<ymax>112</ymax>
		</bndbox>
	</object>
	<object>
		<name>without_mask</name>
		<pose>Unspecified</pose>
		<truncated>1</truncated>
		<difficult>0</difficult>
		<bndbox>
			<xmin>69</xmin>
			<ymin>68</ymin>
			<xmax>84</xmax>
			<ymax>110</ymax>
		</bndbox>
	</object>
</annotation>
