<annotation>
	<folder>images</folder>
	<filename>without_mask (63).JPG</filename>
	<path>C:\Users\user\OneDrive\Desktop\face_mask_images\images\without_mask (63).JPG</path>
	<source>
		<database>Unknown</database>
	</source>
	<size>
		<width>146</width>
		<height>129</height>
		<depth>3</depth>
	</size>
	<segmented>0</segmented>
	<object>
		<name>with_mask</name>
		<pose>Unspecified</pose>
		<truncated>0</truncated>
		<difficult>0</difficult>
		<bndbox>
			<xmin>8</xmin>
			<ymin>57</ymin>
			<xmax>65</xmax>
			<ymax>111</ymax>
		</bndbox>
	</object>
</annotation>
