<annotation>
	<folder>images</folder>
	<filename>with_mask (142).JPG</filename>
	<path>C:\Users\user\OneDrive\Desktop\face_mask_images\images\with_mask (142).JPG</path>
	<source>
		<database>Unknown</database>
	</source>
	<size>
		<width>149</width>
		<height>130</height>
		<depth>3</depth>
	</size>
	<segmented>0</segmented>
	<object>
		<name>with_mask</name>
		<pose>Unspecified</pose>
		<truncated>0</truncated>
		<difficult>0</difficult>
		<bndbox>
			<xmin>35</xmin>
			<ymin>37</ymin>
			<xmax>105</xmax>
			<ymax>86</ymax>
		</bndbox>
	</object>
</annotation>
