<annotation>
	<folder>images</folder>
	<filename>with_mask (199).JPG</filename>
	<path>C:\Users\user\OneDrive\Desktop\face_mask_images\images\with_mask (199).JPG</path>
	<source>
		<database>Unknown</database>
	</source>
	<size>
		<width>367</width>
		<height>231</height>
		<depth>3</depth>
	</size>
	<segmented>0</segmented>
	<object>
		<name>with_mask</name>
		<pose>Unspecified</pose>
		<truncated>0</truncated>
		<difficult>0</difficult>
		<bndbox>
			<xmin>52</xmin>
			<ymin>95</ymin>
			<xmax>124</xmax>
			<ymax>147</ymax>
		</bndbox>
	</object>
	<object>
		<name>with_mask</name>
		<pose>Unspecified</pose>
		<truncated>0</truncated>
		<difficult>0</difficult>
		<bndbox>
			<xmin>245</xmin>
			<ymin>127</ymin>
			<xmax>338</xmax>
			<ymax>189</ymax>
		</bndbox>
	</object>
</annotation>
