<annotation>
	<folder>images</folder>
	<filename>without_mask (66).JPG</filename>
	<path>C:\Users\user\OneDrive\Desktop\face_mask_images\images\without_mask (66).JPG</path>
	<source>
		<database>Unknown</database>
	</source>
	<size>
		<width>63</width>
		<height>72</height>
		<depth>3</depth>
	</size>
	<segmented>0</segmented>
	<object>
		<name>without_mask</name>
		<pose>Unspecified</pose>
		<truncated>0</truncated>
		<difficult>0</difficult>
		<bndbox>
			<xmin>13</xmin>
			<ymin>36</ymin>
			<xmax>39</xmax>
			<ymax>60</ymax>
		</bndbox>
	</object>
</annotation>
