<annotation>
	<folder>images</folder>
	<filename>with_mask (74).JPG</filename>
	<path>C:\Users\user\OneDrive\Desktop\face_mask_images\images\with_mask (74).JPG</path>
	<source>
		<database>Unknown</database>
	</source>
	<size>
		<width>300</width>
		<height>127</height>
		<depth>3</depth>
	</size>
	<segmented>0</segmented>
	<object>
		<name>with_mask</name>
		<pose>Unspecified</pose>
		<truncated>0</truncated>
		<difficult>0</difficult>
		<bndbox>
			<xmin>8</xmin>
			<ymin>58</ymin>
			<xmax>57</xmax>
			<ymax>95</ymax>
		</bndbox>
	</object>
	<object>
		<name>with_mask</name>
		<pose>Unspecified</pose>
		<truncated>0</truncated>
		<difficult>0</difficult>
		<bndbox>
			<xmin>97</xmin>
			<ymin>61</ymin>
			<xmax>166</xmax>
			<ymax>114</ymax>
		</bndbox>
	</object>
	<object>
		<name>with_mask</name>
		<pose>Unspecified</pose>
		<truncated>0</truncated>
		<difficult>0</difficult>
		<bndbox>
			<xmin>208</xmin>
			<ymin>56</ymin>
			<xmax>279</xmax>
			<ymax>110</ymax>
		</bndbox>
	</object>
</annotation>
