<annotation>
	<folder>images</folder>
	<filename>without_mask (200).JPG</filename>
	<path>C:\Users\user\OneDrive\Desktop\face_mask_images\images\without_mask (200).JPG</path>
	<source>
		<database>Unknown</database>
	</source>
	<size>
		<width>214</width>
		<height>238</height>
		<depth>3</depth>
	</size>
	<segmented>0</segmented>
	<object>
		<name>without_mask</name>
		<pose>Unspecified</pose>
		<truncated>0</truncated>
		<difficult>0</difficult>
		<bndbox>
			<xmin>44</xmin>
			<ymin>108</ymin>
			<xmax>170</xmax>
			<ymax>223</ymax>
		</bndbox>
	</object>
	<object>
		<name>without_mask</name>
		<pose>Unspecified</pose>
		<truncated>1</truncated>
		<difficult>0</difficult>
		<bndbox>
			<xmin>189</xmin>
			<ymin>43</ymin>
			<xmax>214</xmax>
			<ymax>110</ymax>
		</bndbox>
	</object>
</annotation>
