<annotation>
	<folder>images</folder>
	<filename>with_mask (64).JPG</filename>
	<path>C:\Users\user\OneDrive\Desktop\face_mask_images\images\with_mask (64).JPG</path>
	<source>
		<database>Unknown</database>
	</source>
	<size>
		<width>217</width>
		<height>190</height>
		<depth>3</depth>
	</size>
	<segmented>0</segmented>
	<object>
		<name>with_mask</name>
		<pose>Unspecified</pose>
		<truncated>0</truncated>
		<difficult>0</difficult>
		<bndbox>
			<xmin>76</xmin>
			<ymin>89</ymin>
			<xmax>151</xmax>
			<ymax>151</ymax>
		</bndbox>
	</object>
</annotation>
