<annotation>
	<folder>images</folder>
	<filename>without_mask (151).JPG</filename>
	<path>C:\Users\user\OneDrive\Desktop\face_mask_images\images\without_mask (151).JPG</path>
	<source>
		<database>Unknown</database>
	</source>
	<size>
		<width>178</width>
		<height>228</height>
		<depth>3</depth>
	</size>
	<segmented>0</segmented>
	<object>
		<name>without_mask</name>
		<pose>Unspecified</pose>
		<truncated>0</truncated>
		<difficult>0</difficult>
		<bndbox>
			<xmin>55</xmin>
			<ymin>141</ymin>
			<xmax>169</xmax>
			<ymax>223</ymax>
		</bndbox>
	</object>
</annotation>
