<annotation>
	<folder>images</folder>
	<filename>with_mask (34).JPG</filename>
	<path>C:\Users\user\OneDrive\Desktop\face_mask_images\images\with_mask (34).JPG</path>
	<source>
		<database>Unknown</database>
	</source>
	<size>
		<width>230</width>
		<height>210</height>
		<depth>3</depth>
	</size>
	<segmented>0</segmented>
	<object>
		<name>with_mask</name>
		<pose>Unspecified</pose>
		<truncated>0</truncated>
		<difficult>0</difficult>
		<bndbox>
			<xmin>30</xmin>
			<ymin>65</ymin>
			<xmax>201</xmax>
			<ymax>195</ymax>
		</bndbox>
	</object>
</annotation>
