<annotation>
	<folder>images</folder>
	<filename>without_mask (225).JPG</filename>
	<path>C:\Users\user\OneDrive\Desktop\face_mask_images\images\without_mask (225).JPG</path>
	<source>
		<database>Unknown</database>
	</source>
	<size>
		<width>229</width>
		<height>257</height>
		<depth>3</depth>
	</size>
	<segmented>0</segmented>
	<object>
		<name>without_mask</name>
		<pose>Unspecified</pose>
		<truncated>1</truncated>
		<difficult>0</difficult>
		<bndbox>
			<xmin>78</xmin>
			<ymin>121</ymin>
			<xmax>229</xmax>
			<ymax>243</ymax>
		</bndbox>
	</object>
</annotation>
