<annotation>
	<folder>images</folder>
	<filename>without_mask (208).JPG</filename>
	<path>C:\Users\user\OneDrive\Desktop\face_mask_images\images\without_mask (208).JPG</path>
	<source>
		<database>Unknown</database>
	</source>
	<size>
		<width>219</width>
		<height>226</height>
		<depth>3</depth>
	</size>
	<segmented>0</segmented>
	<object>
		<name>without_mask</name>
		<pose>Unspecified</pose>
		<truncated>0</truncated>
		<difficult>0</difficult>
		<bndbox>
			<xmin>62</xmin>
			<ymin>108</ymin>
			<xmax>176</xmax>
			<ymax>208</ymax>
		</bndbox>
	</object>
	<object>
		<name>without_mask</name>
		<pose>Unspecified</pose>
		<truncated>1</truncated>
		<difficult>0</difficult>
		<bndbox>
			<xmin>195</xmin>
			<ymin>40</ymin>
			<xmax>219</xmax>
			<ymax>85</ymax>
		</bndbox>
	</object>
</annotation>
