<annotation>
	<folder>images</folder>
	<filename>without_mask (248).JPG</filename>
	<path>C:\Users\user\OneDrive\Desktop\face_mask_images\images\without_mask (248).JPG</path>
	<source>
		<database>Unknown</database>
	</source>
	<size>
		<width>250</width>
		<height>311</height>
		<depth>3</depth>
	</size>
	<segmented>0</segmented>
	<object>
		<name>without_mask</name>
		<pose>Unspecified</pose>
		<truncated>0</truncated>
		<difficult>0</difficult>
		<bndbox>
			<xmin>80</xmin>
			<ymin>154</ymin>
			<xmax>212</xmax>
			<ymax>266</ymax>
		</bndbox>
	</object>
</annotation>
