<annotation>
	<folder>images</folder>
	<filename>without_mask (97).JPG</filename>
	<path>C:\Users\user\OneDrive\Desktop\face_mask_images\images\without_mask (97).JPG</path>
	<source>
		<database>Unknown</database>
	</source>
	<size>
		<width>224</width>
		<height>262</height>
		<depth>3</depth>
	</size>
	<segmented>0</segmented>
	<object>
		<name>without_mask</name>
		<pose>Unspecified</pose>
		<truncated>0</truncated>
		<difficult>0</difficult>
		<bndbox>
			<xmin>23</xmin>
			<ymin>142</ymin>
			<xmax>157</xmax>
			<ymax>224</ymax>
		</bndbox>
	</object>
	<object>
		<name>without_mask</name>
		<pose>Unspecified</pose>
		<truncated>1</truncated>
		<difficult>0</difficult>
		<bndbox>
			<xmin>1</xmin>
			<ymin>80</ymin>
			<xmax>27</xmax>
			<ymax>114</ymax>
		</bndbox>
	</object>
</annotation>
