<annotation>
	<folder>images</folder>
	<filename>with_mask (103).JPG</filename>
	<path>C:\Users\user\OneDrive\Desktop\face_mask_images\images\with_mask (103).JPG</path>
	<source>
		<database>Unknown</database>
	</source>
	<size>
		<width>342</width>
		<height>175</height>
		<depth>3</depth>
	</size>
	<segmented>0</segmented>
	<object>
		<name>with_mask</name>
		<pose>Unspecified</pose>
		<truncated>0</truncated>
		<difficult>0</difficult>
		<bndbox>
			<xmin>85</xmin>
			<ymin>86</ymin>
			<xmax>135</xmax>
			<ymax>135</ymax>
		</bndbox>
	</object>
	<object>
		<name>with_mask</name>
		<pose>Unspecified</pose>
		<truncated>0</truncated>
		<difficult>0</difficult>
		<bndbox>
			<xmin>242</xmin>
			<ymin>111</ymin>
			<xmax>306</xmax>
			<ymax>154</ymax>
		</bndbox>
	</object>
</annotation>
