<annotation verified="yes">
	<folder>images</folder>
	<filename>with_mask (207).JPG</filename>
	<path>C:\Users\user\OneDrive\Desktop\face_mask_images\images\with_mask (207).JPG</path>
	<source>
		<database>Unknown</database>
	</source>
	<size>
		<width>434</width>
		<height>368</height>
		<depth>3</depth>
	</size>
	<segmented>0</segmented>
	<object>
		<name>with_mask</name>
		<pose>Unspecified</pose>
		<truncated>0</truncated>
		<difficult>0</difficult>
		<bndbox>
			<xmin>38</xmin>
			<ymin>125</ymin>
			<xmax>376</xmax>
			<ymax>303</ymax>
		</bndbox>
	</object>
</annotation>
