<annotation>
	<folder>images</folder>
	<filename>with_mask (259).jpg</filename>
	<path>C:\Users\user\OneDrive\Desktop\face_mask_images\images\with_mask (259).jpg</path>
	<source>
		<database>Unknown</database>
	</source>
	<size>
		<width>480</width>
		<height>504</height>
		<depth>3</depth>
	</size>
	<segmented>0</segmented>
	<object>
		<name>with_mask</name>
		<pose>Unspecified</pose>
		<truncated>0</truncated>
		<difficult>0</difficult>
		<bndbox>
			<xmin>130</xmin>
			<ymin>273</ymin>
			<xmax>437</xmax>
			<ymax>457</ymax>
		</bndbox>
	</object>
</annotation>
