<annotation>
	<folder>images</folder>
	<filename>with_mask (37).JPG</filename>
	<path>C:\Users\user\OneDrive\Desktop\face_mask_images\images\with_mask (37).JPG</path>
	<source>
		<database>Unknown</database>
	</source>
	<size>
		<width>166</width>
		<height>184</height>
		<depth>3</depth>
	</size>
	<segmented>0</segmented>
	<object>
		<name>with_mask</name>
		<pose>Unspecified</pose>
		<truncated>0</truncated>
		<difficult>0</difficult>
		<bndbox>
			<xmin>47</xmin>
			<ymin>71</ymin>
			<xmax>141</xmax>
			<ymax>136</ymax>
		</bndbox>
	</object>
</annotation>
