<annotation>
	<folder>images</folder>
	<filename>with_mask (8).JPG</filename>
	<path>C:\Users\user\OneDrive\Desktop\face_mask_images\images\with_mask (8).JPG</path>
	<source>
		<database>Unknown</database>
	</source>
	<size>
		<width>288</width>
		<height>154</height>
		<depth>3</depth>
	</size>
	<segmented>0</segmented>
	<object>
		<name>with_mask</name>
		<pose>Unspecified</pose>
		<truncated>0</truncated>
		<difficult>0</difficult>
		<bndbox>
			<xmin>26</xmin>
			<ymin>59</ymin>
			<xmax>77</xmax>
			<ymax>103</ymax>
		</bndbox>
	</object>
	<object>
		<name>with_mask</name>
		<pose>Unspecified</pose>
		<truncated>0</truncated>
		<difficult>0</difficult>
		<bndbox>
			<xmin>142</xmin>
			<ymin>107</ymin>
			<xmax>187</xmax>
			<ymax>135</ymax>
		</bndbox>
	</object>
	<object>
		<name>with_mask</name>
		<pose>Unspecified</pose>
		<truncated>0</truncated>
		<difficult>0</difficult>
		<bndbox>
			<xmin>220</xmin>
			<ymin>57</ymin>
			<xmax>261</xmax>
			<ymax>83</ymax>
		</bndbox>
	</object>
</annotation>
