<annotation>
	<folder>images</folder>
	<filename>with_mask (224).JPG</filename>
	<path>C:\Users\user\OneDrive\Desktop\face_mask_images\images\with_mask (224).JPG</path>
	<source>
		<database>Unknown</database>
	</source>
	<size>
		<width>228</width>
		<height>186</height>
		<depth>3</depth>
	</size>
	<segmented>0</segmented>
	<object>
		<name>with_mask</name>
		<pose>Unspecified</pose>
		<truncated>0</truncated>
		<difficult>0</difficult>
		<bndbox>
			<xmin>44</xmin>
			<ymin>53</ymin>
			<xmax>87</xmax>
			<ymax>107</ymax>
		</bndbox>
	</object>
	<object>
		<name>with_mask</name>
		<pose>Unspecified</pose>
		<truncated>0</truncated>
		<difficult>0</difficult>
		<bndbox>
			<xmin>132</xmin>
			<ymin>123</ymin>
			<xmax>186</xmax>
			<ymax>175</ymax>
		</bndbox>
	</object>
</annotation>
