<annotation>
	<folder>images</folder>
	<filename>with_mask (204).JPG</filename>
	<path>C:\Users\user\OneDrive\Desktop\face_mask_images\images\with_mask (204).JPG</path>
	<source>
		<database>Unknown</database>
	</source>
	<size>
		<width>415</width>
		<height>325</height>
		<depth>3</depth>
	</size>
	<segmented>0</segmented>
	<object>
		<name>with_mask</name>
		<pose>Unspecified</pose>
		<truncated>0</truncated>
		<difficult>0</difficult>
		<bndbox>
			<xmin>47</xmin>
			<ymin>124</ymin>
			<xmax>185</xmax>
			<ymax>239</ymax>
		</bndbox>
	</object>
	<object>
		<name>with_mask</name>
		<pose>Unspecified</pose>
		<truncated>0</truncated>
		<difficult>0</difficult>
		<bndbox>
			<xmin>268</xmin>
			<ymin>195</ymin>
			<xmax>408</xmax>
			<ymax>310</ymax>
		</bndbox>
	</object>
</annotation>
