<annotation>
	<folder>images</folder>
	<filename>with_mask (248).jpg</filename>
	<path>C:\Users\user\OneDrive\Desktop\face_mask_images\images\with_mask (248).jpg</path>
	<source>
		<database>Unknown</database>
	</source>
	<size>
		<width>480</width>
		<height>729</height>
		<depth>3</depth>
	</size>
	<segmented>0</segmented>
	<object>
		<name>with_mask</name>
		<pose>Unspecified</pose>
		<truncated>0</truncated>
		<difficult>0</difficult>
		<bndbox>
			<xmin>85</xmin>
			<ymin>374</ymin>
			<xmax>415</xmax>
			<ymax>685</ymax>
		</bndbox>
	</object>
</annotation>
