<annotation>
	<folder>images</folder>
	<filename>without_mask (6).JPG</filename>
	<path>C:\Users\user\OneDrive\Desktop\face_mask_images\images\without_mask (6).JPG</path>
	<source>
		<database>Unknown</database>
	</source>
	<size>
		<width>108</width>
		<height>112</height>
		<depth>3</depth>
	</size>
	<segmented>0</segmented>
	<object>
		<name>without_mask</name>
		<pose>Unspecified</pose>
		<truncated>0</truncated>
		<difficult>0</difficult>
		<bndbox>
			<xmin>30</xmin>
			<ymin>47</ymin>
			<xmax>78</xmax>
			<ymax>86</ymax>
		</bndbox>
	</object>
</annotation>
