<annotation>
	<folder>images</folder>
	<filename>with_mask (255).jpg</filename>
	<path>C:\Users\user\OneDrive\Desktop\face_mask_images\images\with_mask (255).jpg</path>
	<source>
		<database>Unknown</database>
	</source>
	<size>
		<width>393</width>
		<height>369</height>
		<depth>3</depth>
	</size>
	<segmented>0</segmented>
	<object>
		<name>with_mask</name>
		<pose>Unspecified</pose>
		<truncated>0</truncated>
		<difficult>0</difficult>
		<bndbox>
			<xmin>142</xmin>
			<ymin>138</ymin>
			<xmax>276</xmax>
			<ymax>238</ymax>
		</bndbox>
	</object>
</annotation>
