<annotation>
	<folder>images</folder>
	<filename>without_mask (169).JPG</filename>
	<path>C:\Users\user\OneDrive\Desktop\face_mask_images\images\without_mask (169).JPG</path>
	<source>
		<database>Unknown</database>
	</source>
	<size>
		<width>110</width>
		<height>132</height>
		<depth>3</depth>
	</size>
	<segmented>0</segmented>
	<object>
		<name>without_mask</name>
		<pose>Unspecified</pose>
		<truncated>0</truncated>
		<difficult>0</difficult>
		<bndbox>
			<xmin>21</xmin>
			<ymin>75</ymin>
			<xmax>77</xmax>
			<ymax>117</ymax>
		</bndbox>
	</object>
	<object>
		<name>without_mask</name>
		<pose>Unspecified</pose>
		<truncated>1</truncated>
		<difficult>0</difficult>
		<bndbox>
			<xmin>1</xmin>
			<ymin>82</ymin>
			<xmax>23</xmax>
			<ymax>120</ymax>
		</bndbox>
	</object>
</annotation>
